INSERT INTO users (id, name, phone_number, email, password_hash, created_at, updated_at) VALUES ('e441d4db-e286-47b6-8a07-0da7e7233aa2', 'Antwan', '1-937-375-1555 x566', 'Jeffrey_Torphy@gmail.com', '6yQz37TsspmCh0C', '2023-09-15T17:45:46.803Z', '2024-07-16T00:32:58.934Z');
INSERT INTO users (id, name, phone_number, email, password_hash, created_at, updated_at) VALUES ('b08d65c7-6b03-48b1-ad2f-67968345947f', 'Hanna', '816-923-7653', 'Haven.Yost@hotmail.com', 'hLss4GQTYXYwzei', '2024-03-24T15:10:18.468Z', '2024-07-16T10:38:33.374Z');
INSERT INTO users (id, name, phone_number, email, password_hash, created_at, updated_at) VALUES ('a18b5728-b8f8-4892-86ce-ec89a749b455', 'Monroe', '(863) 239-2190', 'Leilani_Sawayn0@yahoo.com', 'wfHcvhd_DSiMDso', '2023-09-20T01:27:12.051Z', '2024-07-16T00:01:07.161Z');
INSERT INTO users (id, name, phone_number, email, password_hash, created_at, updated_at) VALUES ('33e4b1fb-6cbf-4ddc-a2c7-839dd228f395', 'Hattie', '275-280-6488 x754', 'Javon_Gottlieb@gmail.com', 'AMJf7Hhx84DEbhp', '2023-07-30T12:31:33.205Z', '2024-07-15T14:11:38.505Z');
INSERT INTO users (id, name, phone_number, email, password_hash, created_at, updated_at) VALUES ('71f1e8fa-959e-4c28-9bfb-d015869b96e5', 'Marjorie', '(315) 339-2921', 'Conner98@hotmail.com', 'YaH5mo__K9EsaOm', '2023-12-01T09:53:56.839Z', '2024-07-16T00:55:24.581Z');
INSERT INTO users (id, name, phone_number, email, password_hash, created_at, updated_at) VALUES ('d135a1c8-a280-4c18-bc3f-fde9b05529c2', 'Irwin', '206.939.8697 x49048', 'Nayeli33@hotmail.com', 'ysNVh28bYkhb64n', '2023-08-25T11:06:09.991Z', '2024-07-16T08:39:58.245Z');
INSERT INTO users (id, name, phone_number, email, password_hash, created_at, updated_at) VALUES ('d0105687-8206-488f-9150-4af888cbce1e', 'Margot', '323.588.3564 x797', 'Jacinthe_Mertz69@gmail.com', 'Rw4RYdxESAdVzEL', '2024-02-18T14:58:58.704Z', '2024-07-15T15:03:59.685Z');
INSERT INTO users (id, name, phone_number, email, password_hash, created_at, updated_at) VALUES ('4215461e-4af5-45b9-bbe3-098b64ec8e23', 'Tyler', '209.462.2401 x85135', 'Margarita.Friesen16@hotmail.com', 'lwOPYrOX4HplHV_', '2023-07-23T02:25:20.853Z', '2024-07-15T19:40:51.287Z');
INSERT INTO users (id, name, phone_number, email, password_hash, created_at, updated_at) VALUES ('49596098-80ad-494b-9172-2dc4be816102', 'Jessica', '1-903-316-5045 x171', 'Arne_Schmeler20@yahoo.com', 'KlF0jIuTfoIvg2F', '2023-08-12T12:23:39.400Z', '2024-07-16T12:20:38.223Z');
INSERT INTO users (id, name, phone_number, email, password_hash, created_at, updated_at) VALUES ('18644f51-5d0e-4159-8679-2a0c925d71d6', 'Kelvin', '(949) 980-1193 x26235', 'Karen.Wisozk@gmail.com', 'sei6UywJLqbP3NJ', '2024-03-25T20:32:28.334Z', '2024-07-16T05:50:37.405Z');
INSERT INTO addresses (id, street, city, state, zip_code, user_id, created_at, updated_at) VALUES (1, '494 Keaton Highway', 'Angieshire', 'North Dakota', '14356-0655', 'e441d4db-e286-47b6-8a07-0da7e7233aa2', '2023-08-01T09:26:28.586Z', '2024-07-15T23:07:26.736Z');
INSERT INTO addresses (id, street, city, state, zip_code, user_id, created_at, updated_at) VALUES (2, '257 Dickens Club', 'Estevancester', 'New York', '06748', 'b08d65c7-6b03-48b1-ad2f-67968345947f', '2024-03-14T05:46:00.124Z', '2024-07-15T17:09:18.720Z');
INSERT INTO addresses (id, street, city, state, zip_code, user_id, created_at, updated_at) VALUES (3, '38270 Cheyenne Hollow', 'West Noemieport', 'Utah', '89114', 'a18b5728-b8f8-4892-86ce-ec89a749b455', '2024-06-23T09:22:48.678Z', '2024-07-15T16:25:46.091Z');
INSERT INTO addresses (id, street, city, state, zip_code, user_id, created_at, updated_at) VALUES (4, '4556 Missouri Vista', 'Weberfurt', 'South Dakota', '20773-0570', '33e4b1fb-6cbf-4ddc-a2c7-839dd228f395', '2024-07-12T19:28:34.461Z', '2024-07-16T01:25:42.534Z');
INSERT INTO addresses (id, street, city, state, zip_code, user_id, created_at, updated_at) VALUES (5, '564 Shields Grove', 'Howemouth', 'Oklahoma', '21744-8087', '71f1e8fa-959e-4c28-9bfb-d015869b96e5', '2023-08-31T01:12:08.076Z', '2024-07-16T00:57:49.125Z');
INSERT INTO addresses (id, street, city, state, zip_code, user_id, created_at, updated_at) VALUES (6, '338 Murazik Ville', 'Edinburg', 'Oregon', '35098', 'd135a1c8-a280-4c18-bc3f-fde9b05529c2', '2024-01-21T06:00:20.893Z', '2024-07-16T01:58:56.567Z');
INSERT INTO addresses (id, street, city, state, zip_code, user_id, created_at, updated_at) VALUES (7, '66698 Goodwin Loop', 'Claratown', 'Alabama', '05804-3500', 'd0105687-8206-488f-9150-4af888cbce1e', '2023-08-24T17:48:59.674Z', '2024-07-15T23:17:58.077Z');
INSERT INTO addresses (id, street, city, state, zip_code, user_id, created_at, updated_at) VALUES (8, '52187 Duke Street', 'Veumchester', 'Ohio', '47853', '4215461e-4af5-45b9-bbe3-098b64ec8e23', '2023-11-15T02:45:44.577Z', '2024-07-16T05:56:43.525Z');
INSERT INTO addresses (id, street, city, state, zip_code, user_id, created_at, updated_at) VALUES (9, '1340 Alba Corner', 'Fredericchester', 'Indiana', '41904', '49596098-80ad-494b-9172-2dc4be816102', '2023-10-24T22:16:07.892Z', '2024-07-15T21:13:05.708Z');
INSERT INTO addresses (id, street, city, state, zip_code, user_id, created_at, updated_at) VALUES (10, '51265 N 1st Street', 'Trenton', 'New Mexico', '39450', '18644f51-5d0e-4159-8679-2a0c925d71d6', '2024-04-25T00:58:31.554Z', '2024-07-16T11:41:05.857Z');
INSERT INTO accounts (id, user_id, type, provider, provider_account_id, refresh_token, access_token, expires_at, token_type, scope, id_token, session_state) VALUES ('68428f5b-b0f8-4282-9c6d-d69daf20cfbb', '4215461e-4af5-45b9-bbe3-098b64ec8e23', 'user', 'Dickens - Gleichner', '8556a207-1a86-4e38-abde-60eab032f0fc', 'hBgajk8bs_CwwPf', 'fng5KHgFk4m5v1F', '2025-04-22T06:18:32.473Z', 'gqpx9LoHqGFCSEau36Scq', 'qIJUyVxhuy', '5z7GUhSv8qFsDub', 'LauccsdcpA');
INSERT INTO accounts (id, user_id, type, provider, provider_account_id, refresh_token, access_token, expires_at, token_type, scope, id_token, session_state) VALUES ('e31449b2-a577-45b7-bffe-1e6f8ca0c270', 'e441d4db-e286-47b6-8a07-0da7e7233aa2', 'admin', 'Brakus LLC', 'c83d675e-aabf-44ba-8726-24c504f420ab', 'BYww6z424IauY8m', 'QZfGGFlFpneXyNG', '2024-11-03T14:02:01.308Z', 'roIdusAGUjHKLqhYI9SUL', 'EIkuwZKDpF', '1cZug9YI88aoW6b', 'qCpauIrutP');
INSERT INTO accounts (id, user_id, type, provider, provider_account_id, refresh_token, access_token, expires_at, token_type, scope, id_token, session_state) VALUES ('7fa4a9fb-7cb3-4761-b86a-17f5a3806f33', '71f1e8fa-959e-4c28-9bfb-d015869b96e5', 'user', 'Treutel LLC', '5e138f86-1bf5-4ea0-8cb5-68172c22a577', 'GNIEBRdXWP52dIV', 'yS1u3iXyH5gi9Cx', '2024-10-13T01:35:21.877Z', 'BgN7HRjUSYt1LaRXfZ4ec', 'KDjGszyXOd', '1wGhxZbe9oYIk3q', 'PMnBHiqRow');
INSERT INTO accounts (id, user_id, type, provider, provider_account_id, refresh_token, access_token, expires_at, token_type, scope, id_token, session_state) VALUES ('2196a4dc-1652-456c-948c-b9892309848e', '49596098-80ad-494b-9172-2dc4be816102', 'user', 'Bernhard, Parker and Schamberger', '1ce4e238-df45-40c2-b9e6-eed772ef2749', 'k8Uj1z316kUnZ0P', '5g3u1XpaxdJPa3_', '2024-10-02T13:12:03.640Z', 'ohggYbK9C7DugUTOMeKLg', 'exEoJSRGiR', 'bvd_fDtg7XGJzdw', 'PTBoIZWkno');
INSERT INTO accounts (id, user_id, type, provider, provider_account_id, refresh_token, access_token, expires_at, token_type, scope, id_token, session_state) VALUES ('7575b761-6113-4163-ba6b-c3485f36aa7c', '49596098-80ad-494b-9172-2dc4be816102', 'user', 'Graham, Rodriguez and Mayert', 'e0d18aa1-9452-4c58-acb7-ae3bfc541a42', '01eNrffERiYpTor', 'ZvR_o3_YnUf4TnE', '2024-09-17T09:54:55.017Z', 'jpQreY3fjbl2WqsYyue8r', 'yvUeOZUOHx', 'chGSL56crJHhjU5', 'ZDifwPUpPG');
INSERT INTO accounts (id, user_id, type, provider, provider_account_id, refresh_token, access_token, expires_at, token_type, scope, id_token, session_state) VALUES ('07eb129e-f517-41c7-93b7-9e6099d02da8', '33e4b1fb-6cbf-4ddc-a2c7-839dd228f395', 'user', 'Barton - Bechtelar', 'bd82c92a-3b86-49f5-a348-cb35ecddab7e', 'UZQBCcsGHTxmHy6', 'eItfyE8TNmLZJJU', '2025-02-03T03:24:25.607Z', 'COaYgNNvHE4yI_jTbdD22', 'cUCxnsBjQy', 'gACyFRb7tltKKhW', 'cnGsWEHKex');
INSERT INTO accounts (id, user_id, type, provider, provider_account_id, refresh_token, access_token, expires_at, token_type, scope, id_token, session_state) VALUES ('97ed751d-a3b5-4990-9be0-2c900ebe64dd', '33e4b1fb-6cbf-4ddc-a2c7-839dd228f395', 'user', 'Jast, Okuneva and Reichert', '41189106-1558-4ad8-81b1-bc2943f117ee', 'gPyj4WS7TzqBzzi', 'iDYxq1yTsTz3ENx', '2025-04-06T02:31:20.648Z', '0-2IcRU5Te_9wNqAU34xx', 'hqASJDdLmJ', '0iPWxuOcwM3JSkJ', 'QkkLZpZqri');
INSERT INTO accounts (id, user_id, type, provider, provider_account_id, refresh_token, access_token, expires_at, token_type, scope, id_token, session_state) VALUES ('0acee97f-6562-4743-a1e9-9447548d97de', 'a18b5728-b8f8-4892-86ce-ec89a749b455', 'user', 'Toy - Fisher', 'bcf0c7d9-1476-42b6-bbae-71b6a91d7b4a', 'yszjhC8wijTawfV', '7gVcBcRjM7frs5I', '2024-10-03T10:32:26.111Z', 'YkGMT455UD8TI1voouvoU', 'nbJhAYSAKs', 'a_RKg_SJVLu3Qeo', 'lbsMKPXPSn');
INSERT INTO accounts (id, user_id, type, provider, provider_account_id, refresh_token, access_token, expires_at, token_type, scope, id_token, session_state) VALUES ('4afa69c1-4e43-4765-a4d1-d3f95e46c287', 'd135a1c8-a280-4c18-bc3f-fde9b05529c2', 'admin', 'Cole, Mohr and Fay', 'bb07c855-22c0-4cb0-b6ad-2124f18f9658', '5T0oFfhFdiuUfGi', '4Nwtlxk3DU_lN6J', '2024-09-30T22:45:12.725Z', 'ZRszfMlIPvmzmu2Wj798J', 'JbQcmKsfhh', '2lwFTMRqppHAEig', 'PUKoELggyD');
INSERT INTO accounts (id, user_id, type, provider, provider_account_id, refresh_token, access_token, expires_at, token_type, scope, id_token, session_state) VALUES ('770dc54d-5d54-4ac5-94f4-964a3324546b', 'b08d65c7-6b03-48b1-ad2f-67968345947f', 'admin', 'Jacobs, Ankunding and Bashirian', 'bb22b35e-ffb0-4edf-9301-1ac5d52eac54', 'zL0t2G0nzDRhJGx', '0rwP0KjFBXmihd0', '2024-10-02T21:41:02.873Z', 'h_XkkgIOUuJeZp795s34_', 'ELnCufQwQI', 'cey_xY3D3KycPjh', 'xEaKKTHDra');
INSERT INTO categories (id, name, description) VALUES (1, 'Books', 'Carbonite web goalkeeper gloves are ergonomically designed to give easy fit');
INSERT INTO categories (id, name, description) VALUES (2, 'Clothing', 'Ergonomic executive chair upholstered in bonded black leather and PVC padded seat and back for all-day comfort and support');
INSERT INTO categories (id, name, description) VALUES (3, 'Music', 'The Apollotech B340 is an affordable wireless mouse with reliable connectivity, 12 months battery life and modern design');
INSERT INTO categories (id, name, description) VALUES (4, 'Baby', 'Andy shoes are designed to keeping in mind durability as well as trends, the most stylish range of shoes & sandals');
INSERT INTO categories (id, name, description) VALUES (5, 'Tools', 'Boston''s most advanced compression wear technology increases muscle oxygenation, stabilizes active muscles');
INSERT INTO products (id, name, description, price, stock, category_id, created_at, updated_at) VALUES (1, 'Bespoke Metal Gloves', 'New ABC 13 9370, 13.3, 5th Gen CoreA5-8250U, 8GB RAM, 256GB SSD, power UHD Graphics, OS 10 Home, OS Office A & J 2016', '150.00', 81, 1, '2024-03-17T08:06:41.080Z', '2024-07-16T12:14:46.403Z');
INSERT INTO products (id, name, description, price, stock, category_id, created_at, updated_at) VALUES (2, 'Electronic Steel Chips', 'New ABC 13 9370, 13.3, 5th Gen CoreA5-8250U, 8GB RAM, 256GB SSD, power UHD Graphics, OS 10 Home, OS Office A & J 2016', '709.00', 52, 1, '2023-11-02T14:21:38.652Z', '2024-07-15T14:12:46.153Z');
INSERT INTO products (id, name, description, price, stock, category_id, created_at, updated_at) VALUES (3, 'Modern Wooden Table', 'The Nagasaki Lander is the trademarked name of several series of Nagasaki sport bikes, that started with the 1984 ABC800J', '811.00', 7, 1, '2024-02-14T08:07:10.405Z', '2024-07-15T15:07:53.791Z');
INSERT INTO products (id, name, description, price, stock, category_id, created_at, updated_at) VALUES (4, 'Handcrafted Steel Pizza', 'The Apollotech B340 is an affordable wireless mouse with reliable connectivity, 12 months battery life and modern design', '865.00', 79, 1, '2024-06-04T05:01:21.910Z', '2024-07-15T16:30:09.692Z');
INSERT INTO products (id, name, description, price, stock, category_id, created_at, updated_at) VALUES (5, 'Handcrafted Granite Bacon', 'The automobile layout consists of a front-engine design, with transaxle-type transmissions mounted at the rear of the engine and four wheel drive', '598.00', 74, 1, '2023-11-15T16:56:02.966Z', '2024-07-15T15:15:56.893Z');
INSERT INTO products (id, name, description, price, stock, category_id, created_at, updated_at) VALUES (6, 'Refined Plastic Ball', 'Ergonomic executive chair upholstered in bonded black leather and PVC padded seat and back for all-day comfort and support', '573.00', 81, 1, '2024-04-12T16:47:10.058Z', '2024-07-15T20:55:55.590Z');
INSERT INTO products (id, name, description, price, stock, category_id, created_at, updated_at) VALUES (7, 'Ergonomic Rubber Fish', 'The slim & simple Maple Gaming Keyboard from Dev Byte comes with a sleek body and 7- Color RGB LED Back-lighting for smart functionality', '702.00', 93, 1, '2024-02-06T02:58:49.525Z', '2024-07-16T06:37:48.526Z');
INSERT INTO products (id, name, description, price, stock, category_id, created_at, updated_at) VALUES (8, 'Oriental Plastic Soap', 'New ABC 13 9370, 13.3, 5th Gen CoreA5-8250U, 8GB RAM, 256GB SSD, power UHD Graphics, OS 10 Home, OS Office A & J 2016', '168.00', 32, 1, '2024-04-03T19:02:20.603Z', '2024-07-15T21:14:50.734Z');
INSERT INTO products (id, name, description, price, stock, category_id, created_at, updated_at) VALUES (9, 'Intelligent Granite Computer', 'The slim & simple Maple Gaming Keyboard from Dev Byte comes with a sleek body and 7- Color RGB LED Back-lighting for smart functionality', '899.00', 70, 1, '2024-03-06T18:13:50.059Z', '2024-07-15T21:49:26.904Z');
INSERT INTO products (id, name, description, price, stock, category_id, created_at, updated_at) VALUES (10, 'Fantastic Plastic Towels', 'Andy shoes are designed to keeping in mind durability as well as trends, the most stylish range of shoes & sandals', '653.00', 5, 1, '2023-11-24T23:41:33.056Z', '2024-07-15T23:55:31.123Z');
INSERT INTO products (id, name, description, price, stock, category_id, created_at, updated_at) VALUES (11, 'Oriental Soft Pants', 'Ergonomic executive chair upholstered in bonded black leather and PVC padded seat and back for all-day comfort and support', '811.00', 64, 2, '2024-06-03T18:24:13.314Z', '2024-07-15T19:41:12.762Z');
INSERT INTO products (id, name, description, price, stock, category_id, created_at, updated_at) VALUES (12, 'Recycled Wooden Car', 'The Apollotech B340 is an affordable wireless mouse with reliable connectivity, 12 months battery life and modern design', '444.00', 64, 2, '2023-11-25T22:21:24.782Z', '2024-07-16T09:34:26.579Z');
INSERT INTO products (id, name, description, price, stock, category_id, created_at, updated_at) VALUES (13, 'Handcrafted Soft Pizza', 'The Apollotech B340 is an affordable wireless mouse with reliable connectivity, 12 months battery life and modern design', '459.00', 23, 2, '2024-03-31T07:44:34.620Z', '2024-07-15T20:59:48.093Z');
INSERT INTO products (id, name, description, price, stock, category_id, created_at, updated_at) VALUES (14, 'Gorgeous Soft Tuna', 'New range of formal shirts are designed keeping you in mind. With fits and styling that will make you stand apart', '189.00', 84, 2, '2024-06-17T09:20:50.578Z', '2024-07-16T02:43:09.872Z');
INSERT INTO products (id, name, description, price, stock, category_id, created_at, updated_at) VALUES (15, 'Elegant Concrete Salad', 'Carbonite web goalkeeper gloves are ergonomically designed to give easy fit', '544.00', 39, 2, '2023-08-29T08:33:24.098Z', '2024-07-15T15:42:40.826Z');
INSERT INTO products (id, name, description, price, stock, category_id, created_at, updated_at) VALUES (16, 'Elegant Metal Hat', 'Ergonomic executive chair upholstered in bonded black leather and PVC padded seat and back for all-day comfort and support', '977.00', 82, 2, '2023-10-07T07:17:18.030Z', '2024-07-16T08:33:38.859Z');
INSERT INTO products (id, name, description, price, stock, category_id, created_at, updated_at) VALUES (17, 'Electronic Metal Shoes', 'The Football Is Good For Training And Recreational Purposes', '961.00', 33, 2, '2023-12-25T01:46:20.326Z', '2024-07-16T13:50:19.846Z');
INSERT INTO products (id, name, description, price, stock, category_id, created_at, updated_at) VALUES (18, 'Handcrafted Concrete Mouse', 'The Football Is Good For Training And Recreational Purposes', '547.00', 64, 2, '2024-02-26T00:05:22.330Z', '2024-07-16T05:41:24.906Z');
INSERT INTO products (id, name, description, price, stock, category_id, created_at, updated_at) VALUES (19, 'Oriental Soft Chicken', 'The Apollotech B340 is an affordable wireless mouse with reliable connectivity, 12 months battery life and modern design', '998.00', 95, 2, '2024-06-07T16:28:29.252Z', '2024-07-15T15:31:17.956Z');
INSERT INTO products (id, name, description, price, stock, category_id, created_at, updated_at) VALUES (20, 'Licensed Frozen Salad', 'The Apollotech B340 is an affordable wireless mouse with reliable connectivity, 12 months battery life and modern design', '399.00', 85, 2, '2024-02-08T06:24:50.967Z', '2024-07-16T13:13:56.421Z');
INSERT INTO products (id, name, description, price, stock, category_id, created_at, updated_at) VALUES (21, 'Refined Bronze Keyboard', 'New range of formal shirts are designed keeping you in mind. With fits and styling that will make you stand apart', '823.00', 49, 3, '2024-06-28T03:08:17.188Z', '2024-07-16T08:11:58.804Z');
INSERT INTO products (id, name, description, price, stock, category_id, created_at, updated_at) VALUES (22, 'Awesome Soft Computer', 'Carbonite web goalkeeper gloves are ergonomically designed to give easy fit', '773.00', 23, 3, '2024-04-09T23:46:48.762Z', '2024-07-15T18:21:40.644Z');
INSERT INTO products (id, name, description, price, stock, category_id, created_at, updated_at) VALUES (23, 'Modern Soft Shirt', 'Ergonomic executive chair upholstered in bonded black leather and PVC padded seat and back for all-day comfort and support', '549.00', 34, 3, '2024-02-24T12:22:36.389Z', '2024-07-15T21:17:01.171Z');
INSERT INTO products (id, name, description, price, stock, category_id, created_at, updated_at) VALUES (24, 'Licensed Wooden Tuna', 'The Apollotech B340 is an affordable wireless mouse with reliable connectivity, 12 months battery life and modern design', '898.00', 32, 3, '2024-03-13T12:25:13.614Z', '2024-07-16T04:26:05.532Z');
INSERT INTO products (id, name, description, price, stock, category_id, created_at, updated_at) VALUES (25, 'Unbranded Granite Shoes', 'The automobile layout consists of a front-engine design, with transaxle-type transmissions mounted at the rear of the engine and four wheel drive', '212.00', 48, 3, '2024-04-05T06:03:11.736Z', '2024-07-15T18:02:21.611Z');
INSERT INTO products (id, name, description, price, stock, category_id, created_at, updated_at) VALUES (26, 'Ergonomic Frozen Shoes', 'New ABC 13 9370, 13.3, 5th Gen CoreA5-8250U, 8GB RAM, 256GB SSD, power UHD Graphics, OS 10 Home, OS Office A & J 2016', '414.00', 89, 3, '2024-07-09T23:18:32.512Z', '2024-07-15T16:57:15.979Z');
INSERT INTO products (id, name, description, price, stock, category_id, created_at, updated_at) VALUES (27, 'Incredible Granite Towels', 'Andy shoes are designed to keeping in mind durability as well as trends, the most stylish range of shoes & sandals', '785.00', 32, 3, '2023-10-22T16:23:41.739Z', '2024-07-16T06:17:15.412Z');
INSERT INTO products (id, name, description, price, stock, category_id, created_at, updated_at) VALUES (28, 'Oriental Rubber Chicken', 'Boston''s most advanced compression wear technology increases muscle oxygenation, stabilizes active muscles', '436.00', 3, 3, '2024-03-11T00:02:09.729Z', '2024-07-15T15:05:32.481Z');
INSERT INTO products (id, name, description, price, stock, category_id, created_at, updated_at) VALUES (29, 'Fantastic Plastic Hat', 'The beautiful range of Apple Naturalé that has an exciting mix of natural ingredients. With the Goodness of 100% Natural Ingredients', '735.00', 37, 3, '2024-01-13T07:10:13.139Z', '2024-07-15T16:54:18.539Z');
INSERT INTO products (id, name, description, price, stock, category_id, created_at, updated_at) VALUES (30, 'Elegant Soft Hat', 'The Football Is Good For Training And Recreational Purposes', '986.00', 16, 3, '2023-10-29T04:24:56.564Z', '2024-07-16T06:56:31.893Z');
INSERT INTO products (id, name, description, price, stock, category_id, created_at, updated_at) VALUES (31, 'Refined Bronze Towels', 'The Apollotech B340 is an affordable wireless mouse with reliable connectivity, 12 months battery life and modern design', '712.00', 34, 4, '2024-03-04T18:48:31.812Z', '2024-07-16T03:34:19.008Z');
INSERT INTO products (id, name, description, price, stock, category_id, created_at, updated_at) VALUES (32, 'Electronic Fresh Shirt', 'Andy shoes are designed to keeping in mind durability as well as trends, the most stylish range of shoes & sandals', '760.00', 93, 4, '2024-05-11T22:45:14.485Z', '2024-07-15T23:11:33.389Z');
INSERT INTO products (id, name, description, price, stock, category_id, created_at, updated_at) VALUES (33, 'Electronic Bronze Gloves', 'Andy shoes are designed to keeping in mind durability as well as trends, the most stylish range of shoes & sandals', '807.00', 43, 4, '2023-11-16T04:52:48.285Z', '2024-07-15T17:24:24.030Z');
INSERT INTO products (id, name, description, price, stock, category_id, created_at, updated_at) VALUES (34, 'Electronic Steel Keyboard', 'Boston''s most advanced compression wear technology increases muscle oxygenation, stabilizes active muscles', '445.00', 46, 4, '2023-12-10T22:13:40.551Z', '2024-07-16T07:40:52.071Z');
INSERT INTO products (id, name, description, price, stock, category_id, created_at, updated_at) VALUES (35, 'Handcrafted Rubber Tuna', 'The beautiful range of Apple Naturalé that has an exciting mix of natural ingredients. With the Goodness of 100% Natural Ingredients', '391.00', 10, 4, '2023-11-03T15:16:14.750Z', '2024-07-15T15:05:28.908Z');
INSERT INTO products (id, name, description, price, stock, category_id, created_at, updated_at) VALUES (36, 'Small Rubber Car', 'Ergonomic executive chair upholstered in bonded black leather and PVC padded seat and back for all-day comfort and support', '831.00', 11, 4, '2024-02-12T11:07:10.993Z', '2024-07-16T06:04:23.131Z');
INSERT INTO products (id, name, description, price, stock, category_id, created_at, updated_at) VALUES (37, 'Practical Bronze Shirt', 'The automobile layout consists of a front-engine design, with transaxle-type transmissions mounted at the rear of the engine and four wheel drive', '188.00', 76, 4, '2023-08-04T05:56:29.203Z', '2024-07-16T06:14:35.823Z');
INSERT INTO products (id, name, description, price, stock, category_id, created_at, updated_at) VALUES (38, 'Unbranded Granite Hat', 'New ABC 13 9370, 13.3, 5th Gen CoreA5-8250U, 8GB RAM, 256GB SSD, power UHD Graphics, OS 10 Home, OS Office A & J 2016', '915.00', 34, 4, '2024-01-27T11:01:24.967Z', '2024-07-16T08:25:24.109Z');
INSERT INTO products (id, name, description, price, stock, category_id, created_at, updated_at) VALUES (39, 'Oriental Cotton Chair', 'New range of formal shirts are designed keeping you in mind. With fits and styling that will make you stand apart', '374.00', 56, 4, '2023-11-10T23:12:51.537Z', '2024-07-15T23:35:52.307Z');
INSERT INTO products (id, name, description, price, stock, category_id, created_at, updated_at) VALUES (40, 'Ergonomic Fresh Cheese', 'The automobile layout consists of a front-engine design, with transaxle-type transmissions mounted at the rear of the engine and four wheel drive', '731.00', 14, 4, '2024-03-04T12:31:20.879Z', '2024-07-15T17:09:09.097Z');
INSERT INTO products (id, name, description, price, stock, category_id, created_at, updated_at) VALUES (41, 'Gorgeous Wooden Towels', 'Ergonomic executive chair upholstered in bonded black leather and PVC padded seat and back for all-day comfort and support', '596.00', 67, 5, '2024-06-19T07:58:47.342Z', '2024-07-15T23:45:32.115Z');
INSERT INTO products (id, name, description, price, stock, category_id, created_at, updated_at) VALUES (42, 'Modern Frozen Cheese', 'The beautiful range of Apple Naturalé that has an exciting mix of natural ingredients. With the Goodness of 100% Natural Ingredients', '215.00', 73, 5, '2024-02-06T00:35:22.057Z', '2024-07-15T17:01:51.508Z');
INSERT INTO products (id, name, description, price, stock, category_id, created_at, updated_at) VALUES (43, 'Handmade Cotton Tuna', 'New ABC 13 9370, 13.3, 5th Gen CoreA5-8250U, 8GB RAM, 256GB SSD, power UHD Graphics, OS 10 Home, OS Office A & J 2016', '326.00', 50, 5, '2024-06-04T08:46:39.599Z', '2024-07-15T14:25:32.045Z');
INSERT INTO products (id, name, description, price, stock, category_id, created_at, updated_at) VALUES (44, 'Handcrafted Bronze Soap', 'New ABC 13 9370, 13.3, 5th Gen CoreA5-8250U, 8GB RAM, 256GB SSD, power UHD Graphics, OS 10 Home, OS Office A & J 2016', '534.00', 84, 5, '2024-03-04T22:46:44.756Z', '2024-07-16T13:21:34.969Z');
INSERT INTO products (id, name, description, price, stock, category_id, created_at, updated_at) VALUES (45, 'Incredible Steel Mouse', 'The beautiful range of Apple Naturalé that has an exciting mix of natural ingredients. With the Goodness of 100% Natural Ingredients', '546.00', 5, 5, '2023-10-16T22:09:41.223Z', '2024-07-16T05:07:19.375Z');
INSERT INTO products (id, name, description, price, stock, category_id, created_at, updated_at) VALUES (46, 'Tasty Plastic Computer', 'The automobile layout consists of a front-engine design, with transaxle-type transmissions mounted at the rear of the engine and four wheel drive', '182.00', 22, 5, '2023-10-06T01:19:54.747Z', '2024-07-16T03:30:29.173Z');
INSERT INTO products (id, name, description, price, stock, category_id, created_at, updated_at) VALUES (47, 'Luxurious Wooden Salad', 'New range of formal shirts are designed keeping you in mind. With fits and styling that will make you stand apart', '117.00', 96, 5, '2024-06-21T04:40:32.128Z', '2024-07-16T01:36:23.587Z');
INSERT INTO products (id, name, description, price, stock, category_id, created_at, updated_at) VALUES (48, 'Fantastic Rubber Towels', 'The automobile layout consists of a front-engine design, with transaxle-type transmissions mounted at the rear of the engine and four wheel drive', '534.00', 92, 5, '2023-12-26T15:23:25.676Z', '2024-07-15T21:31:14.493Z');
INSERT INTO products (id, name, description, price, stock, category_id, created_at, updated_at) VALUES (49, 'Rustic Granite Computer', 'The Nagasaki Lander is the trademarked name of several series of Nagasaki sport bikes, that started with the 1984 ABC800J', '336.00', 21, 5, '2023-09-17T21:20:44.547Z', '2024-07-16T08:31:03.588Z');
INSERT INTO products (id, name, description, price, stock, category_id, created_at, updated_at) VALUES (50, 'Luxurious Metal Towels', 'Carbonite web goalkeeper gloves are ergonomically designed to give easy fit', '307.00', 48, 5, '2024-01-03T15:06:26.541Z', '2024-07-16T02:49:58.082Z');
INSERT INTO orders (id, user_id, status, total, created_at, updated_at) VALUES ('1c6cde24-99d1-41db-9555-4317c3c06171', 'e441d4db-e286-47b6-8a07-0da7e7233aa2', 'paid', 7850, '2023-09-30T12:50:55.653Z', '2024-07-16T03:03:49.538Z');
INSERT INTO orders (id, user_id, status, total, created_at, updated_at) VALUES ('60d18c17-455a-4857-ae0c-fc6b0005579c', '71f1e8fa-959e-4c28-9bfb-d015869b96e5', 'paid', 9092, '2024-06-06T14:28:17.617Z', '2024-07-15T17:51:33.438Z');
INSERT INTO orders (id, user_id, status, total, created_at, updated_at) VALUES ('cfba830b-9f37-4616-a414-81c2ede5b48d', '49596098-80ad-494b-9172-2dc4be816102', 'paid', 5523, '2023-12-14T01:43:35.132Z', '2024-07-16T12:47:05.533Z');
INSERT INTO orders (id, user_id, status, total, created_at, updated_at) VALUES ('da9d1854-da67-4410-a567-2792ac0a9cd2', '4215461e-4af5-45b9-bbe3-098b64ec8e23', 'done', 2808, '2024-07-01T17:54:42.177Z', '2024-07-16T05:26:08.640Z');
INSERT INTO orders (id, user_id, status, total, created_at, updated_at) VALUES ('8a30c548-e881-4113-ae16-1b6210cd6d08', '71f1e8fa-959e-4c28-9bfb-d015869b96e5', 'done', 5114, '2024-06-24T14:40:55.815Z', '2024-07-16T05:49:08.913Z');
INSERT INTO orders (id, user_id, status, total, created_at, updated_at) VALUES ('68a93776-4157-4164-b8cc-9b81a310dc55', 'e441d4db-e286-47b6-8a07-0da7e7233aa2', 'customer_canceled', 7244, '2024-04-21T13:07:24.809Z', '2024-07-16T09:02:12.069Z');
INSERT INTO orders (id, user_id, status, total, created_at, updated_at) VALUES ('b3a449f9-56a2-43c5-9085-55e6924691aa', 'e441d4db-e286-47b6-8a07-0da7e7233aa2', 'done', 3784, '2023-12-01T00:33:11.676Z', '2024-07-15T19:01:56.124Z');
INSERT INTO orders (id, user_id, status, total, created_at, updated_at) VALUES ('abd30bbd-acc8-4b81-87a3-1780b459eed6', '71f1e8fa-959e-4c28-9bfb-d015869b96e5', 'paid', 4386, '2023-07-22T03:25:26.949Z', '2024-07-16T00:18:24.474Z');
INSERT INTO orders (id, user_id, status, total, created_at, updated_at) VALUES ('f48281a6-2734-407d-a160-b644b90a1cee', '49596098-80ad-494b-9172-2dc4be816102', 'paid', 2737, '2024-05-24T20:30:48.163Z', '2024-07-15T14:15:41.842Z');
INSERT INTO orders (id, user_id, status, total, created_at, updated_at) VALUES ('c19a5860-5819-4e54-97e7-1635a3a4d234', '4215461e-4af5-45b9-bbe3-098b64ec8e23', 'customer_canceled', 3150, '2024-02-29T11:20:14.699Z', '2024-07-15T15:19:30.321Z');
INSERT INTO order_items (id, order_id, product_id, quantity, price) VALUES (1, '1c6cde24-99d1-41db-9555-4317c3c06171', 27, 5, 3925);
INSERT INTO order_items (id, order_id, product_id, quantity, price) VALUES (2, '1c6cde24-99d1-41db-9555-4317c3c06171', 27, 5, 3925);
INSERT INTO order_items (id, order_id, product_id, quantity, price) VALUES (3, '60d18c17-455a-4857-ae0c-fc6b0005579c', 4, 6, 5190);
INSERT INTO order_items (id, order_id, product_id, quantity, price) VALUES (4, '60d18c17-455a-4857-ae0c-fc6b0005579c', 33, 2, 1614);
INSERT INTO order_items (id, order_id, product_id, quantity, price) VALUES (5, '60d18c17-455a-4857-ae0c-fc6b0005579c', 42, 6, 1290);
INSERT INTO order_items (id, order_id, product_id, quantity, price) VALUES (6, '60d18c17-455a-4857-ae0c-fc6b0005579c', 19, 1, 998);
INSERT INTO order_items (id, order_id, product_id, quantity, price) VALUES (7, 'cfba830b-9f37-4616-a414-81c2ede5b48d', 10, 5, 3265);
INSERT INTO order_items (id, order_id, product_id, quantity, price) VALUES (8, 'cfba830b-9f37-4616-a414-81c2ede5b48d', 8, 5, 840);
INSERT INTO order_items (id, order_id, product_id, quantity, price) VALUES (9, 'cfba830b-9f37-4616-a414-81c2ede5b48d', 35, 2, 782);
INSERT INTO order_items (id, order_id, product_id, quantity, price) VALUES (10, 'cfba830b-9f37-4616-a414-81c2ede5b48d', 25, 3, 636);
INSERT INTO order_items (id, order_id, product_id, quantity, price) VALUES (11, 'da9d1854-da67-4410-a567-2792ac0a9cd2', 7, 4, 2808);
INSERT INTO order_items (id, order_id, product_id, quantity, price) VALUES (12, '8a30c548-e881-4113-ae16-1b6210cd6d08', 11, 4, 3244);
INSERT INTO order_items (id, order_id, product_id, quantity, price) VALUES (13, '8a30c548-e881-4113-ae16-1b6210cd6d08', 39, 5, 1870);
INSERT INTO order_items (id, order_id, product_id, quantity, price) VALUES (14, '68a93776-4157-4164-b8cc-9b81a310dc55', 41, 1, 596);
INSERT INTO order_items (id, order_id, product_id, quantity, price) VALUES (15, '68a93776-4157-4164-b8cc-9b81a310dc55', 40, 4, 2924);
INSERT INTO order_items (id, order_id, product_id, quantity, price) VALUES (16, '68a93776-4157-4164-b8cc-9b81a310dc55', 38, 2, 1830);
INSERT INTO order_items (id, order_id, product_id, quantity, price) VALUES (17, '68a93776-4157-4164-b8cc-9b81a310dc55', 32, 1, 760);
INSERT INTO order_items (id, order_id, product_id, quantity, price) VALUES (18, '68a93776-4157-4164-b8cc-9b81a310dc55', 14, 6, 1134);
INSERT INTO order_items (id, order_id, product_id, quantity, price) VALUES (19, 'b3a449f9-56a2-43c5-9085-55e6924691aa', 27, 2, 1570);
INSERT INTO order_items (id, order_id, product_id, quantity, price) VALUES (20, 'b3a449f9-56a2-43c5-9085-55e6924691aa', 48, 2, 1068);
INSERT INTO order_items (id, order_id, product_id, quantity, price) VALUES (21, 'b3a449f9-56a2-43c5-9085-55e6924691aa', 6, 2, 1146);
INSERT INTO order_items (id, order_id, product_id, quantity, price) VALUES (22, 'abd30bbd-acc8-4b81-87a3-1780b459eed6', 40, 6, 4386);
INSERT INTO order_items (id, order_id, product_id, quantity, price) VALUES (23, 'f48281a6-2734-407d-a160-b644b90a1cee', 17, 1, 961);
INSERT INTO order_items (id, order_id, product_id, quantity, price) VALUES (24, 'f48281a6-2734-407d-a160-b644b90a1cee', 12, 4, 1776);
INSERT INTO order_items (id, order_id, product_id, quantity, price) VALUES (25, 'c19a5860-5819-4e54-97e7-1635a3a4d234', 43, 1, 326);
INSERT INTO order_items (id, order_id, product_id, quantity, price) VALUES (26, 'c19a5860-5819-4e54-97e7-1635a3a4d234', 11, 3, 2433);
INSERT INTO order_items (id, order_id, product_id, quantity, price) VALUES (27, 'c19a5860-5819-4e54-97e7-1635a3a4d234', 35, 1, 391);
INSERT INTO carts (id, user_id, created_at, updated_at) VALUES ('ac5c6353-4e53-4cbe-a93b-b330264c448d', '4215461e-4af5-45b9-bbe3-098b64ec8e23', '2023-09-16T13:22:35.190Z', '2024-07-16T07:28:45.700Z');
INSERT INTO carts (id, user_id, created_at, updated_at) VALUES ('21ce733b-e997-46fa-b117-474b6d499b57', '33e4b1fb-6cbf-4ddc-a2c7-839dd228f395', '2024-02-05T10:25:04.073Z', '2024-07-15T16:50:26.331Z');
INSERT INTO carts (id, user_id, created_at, updated_at) VALUES ('ceee879b-6b1b-4d47-895d-fa950d4d1008', '49596098-80ad-494b-9172-2dc4be816102', '2023-08-10T21:04:52.486Z', '2024-07-15T18:08:51.339Z');
INSERT INTO carts (id, user_id, created_at, updated_at) VALUES ('9321bf32-5d92-44b5-a3bd-980f13a9c76e', '49596098-80ad-494b-9172-2dc4be816102', '2023-11-08T09:41:16.495Z', '2024-07-15T20:21:07.612Z');
INSERT INTO carts (id, user_id, created_at, updated_at) VALUES ('d070e3ed-ae28-48a9-9210-9ca11ec7d8b2', '71f1e8fa-959e-4c28-9bfb-d015869b96e5', '2023-12-18T16:08:29.771Z', '2024-07-15T18:17:04.288Z');
INSERT INTO cart_items (id, cart_id, product_id, quantity, added_at) VALUES (1, 'ac5c6353-4e53-4cbe-a93b-b330264c448d', 45, 1, '2024-07-16T07:58:12.010Z');
INSERT INTO cart_items (id, cart_id, product_id, quantity, added_at) VALUES (2, 'ac5c6353-4e53-4cbe-a93b-b330264c448d', 23, 9, '2024-07-15T14:51:05.346Z');
INSERT INTO cart_items (id, cart_id, product_id, quantity, added_at) VALUES (3, 'ac5c6353-4e53-4cbe-a93b-b330264c448d', 30, 10, '2024-07-15T15:52:28.458Z');
INSERT INTO cart_items (id, cart_id, product_id, quantity, added_at) VALUES (4, 'ac5c6353-4e53-4cbe-a93b-b330264c448d', 49, 2, '2024-07-16T00:58:34.485Z');
INSERT INTO cart_items (id, cart_id, product_id, quantity, added_at) VALUES (5, 'ac5c6353-4e53-4cbe-a93b-b330264c448d', 3, 6, '2024-07-16T02:54:20.367Z');
INSERT INTO cart_items (id, cart_id, product_id, quantity, added_at) VALUES (6, '21ce733b-e997-46fa-b117-474b6d499b57', 42, 10, '2024-07-16T04:47:45.179Z');
INSERT INTO cart_items (id, cart_id, product_id, quantity, added_at) VALUES (7, '21ce733b-e997-46fa-b117-474b6d499b57', 44, 8, '2024-07-15T18:47:31.866Z');
INSERT INTO cart_items (id, cart_id, product_id, quantity, added_at) VALUES (8, '21ce733b-e997-46fa-b117-474b6d499b57', 23, 9, '2024-07-15T14:33:15.537Z');
INSERT INTO cart_items (id, cart_id, product_id, quantity, added_at) VALUES (9, '21ce733b-e997-46fa-b117-474b6d499b57', 3, 2, '2024-07-15T19:58:38.483Z');
INSERT INTO cart_items (id, cart_id, product_id, quantity, added_at) VALUES (10, '21ce733b-e997-46fa-b117-474b6d499b57', 50, 8, '2024-07-16T02:22:13.033Z');
INSERT INTO cart_items (id, cart_id, product_id, quantity, added_at) VALUES (11, 'ceee879b-6b1b-4d47-895d-fa950d4d1008', 49, 8, '2024-07-15T17:45:58.716Z');
INSERT INTO cart_items (id, cart_id, product_id, quantity, added_at) VALUES (12, 'ceee879b-6b1b-4d47-895d-fa950d4d1008', 30, 10, '2024-07-16T03:42:06.345Z');
INSERT INTO cart_items (id, cart_id, product_id, quantity, added_at) VALUES (13, 'ceee879b-6b1b-4d47-895d-fa950d4d1008', 42, 2, '2024-07-16T01:59:05.736Z');
INSERT INTO cart_items (id, cart_id, product_id, quantity, added_at) VALUES (14, 'ceee879b-6b1b-4d47-895d-fa950d4d1008', 6, 9, '2024-07-16T07:43:52.673Z');
INSERT INTO cart_items (id, cart_id, product_id, quantity, added_at) VALUES (15, 'ceee879b-6b1b-4d47-895d-fa950d4d1008', 41, 2, '2024-07-15T21:04:03.348Z');
INSERT INTO cart_items (id, cart_id, product_id, quantity, added_at) VALUES (16, '9321bf32-5d92-44b5-a3bd-980f13a9c76e', 43, 2, '2024-07-15T23:51:27.747Z');
INSERT INTO cart_items (id, cart_id, product_id, quantity, added_at) VALUES (17, '9321bf32-5d92-44b5-a3bd-980f13a9c76e', 23, 5, '2024-07-16T02:54:11.799Z');
INSERT INTO cart_items (id, cart_id, product_id, quantity, added_at) VALUES (18, '9321bf32-5d92-44b5-a3bd-980f13a9c76e', 38, 6, '2024-07-16T00:09:57.385Z');
INSERT INTO cart_items (id, cart_id, product_id, quantity, added_at) VALUES (19, '9321bf32-5d92-44b5-a3bd-980f13a9c76e', 12, 7, '2024-07-16T07:36:35.072Z');
INSERT INTO cart_items (id, cart_id, product_id, quantity, added_at) VALUES (20, '9321bf32-5d92-44b5-a3bd-980f13a9c76e', 45, 4, '2024-07-16T03:22:56.609Z');
INSERT INTO cart_items (id, cart_id, product_id, quantity, added_at) VALUES (21, 'd070e3ed-ae28-48a9-9210-9ca11ec7d8b2', 28, 7, '2024-07-16T00:05:16.668Z');
INSERT INTO cart_items (id, cart_id, product_id, quantity, added_at) VALUES (22, 'd070e3ed-ae28-48a9-9210-9ca11ec7d8b2', 30, 3, '2024-07-16T11:35:48.515Z');
INSERT INTO cart_items (id, cart_id, product_id, quantity, added_at) VALUES (23, 'd070e3ed-ae28-48a9-9210-9ca11ec7d8b2', 12, 4, '2024-07-16T00:59:05.691Z');
INSERT INTO cart_items (id, cart_id, product_id, quantity, added_at) VALUES (24, 'd070e3ed-ae28-48a9-9210-9ca11ec7d8b2', 17, 2, '2024-07-16T03:59:35.254Z');
INSERT INTO cart_items (id, cart_id, product_id, quantity, added_at) VALUES (25, 'd070e3ed-ae28-48a9-9210-9ca11ec7d8b2', 1, 6, '2024-07-16T00:56:14.878Z');