INSERT INTO users (id, name, phone_number, email, password_hash, created_at, updated_at) VALUES ('64e5464e-b10c-433b-a3f0-a92056784a4a', 'Dillon', '610-576-1047', 'Talon.Lebsack@gmail.com', 'BeZtA7EK_xFVlYp', '2023-12-30T18:52:10.269Z', '2024-07-15T22:58:09.773Z');
INSERT INTO users (id, name, phone_number, email, password_hash, created_at, updated_at) VALUES ('4debf4cd-d333-42c4-a677-e7e59ad1d404', 'Abbigail', '(823) 576-4323 x023', 'Lisette.King@gmail.com', 'WixjHFzzIBTrGpR', '2023-11-12T06:26:12.578Z', '2024-07-15T14:13:22.532Z');
INSERT INTO users (id, name, phone_number, email, password_hash, created_at, updated_at) VALUES ('cda55018-38e1-4a1e-963d-fd5590ced3a7', 'Claudia', '(820) 482-4054 x522', 'Carmela84@yahoo.com', 'w2imoh_eveGc4W8', '2023-07-18T01:48:28.852Z', '2024-07-15T11:54:28.329Z');
INSERT INTO users (id, name, phone_number, email, password_hash, created_at, updated_at) VALUES ('82f99bdd-a55d-4a29-b38a-10911a35b1c4', 'Ahmed', '840.667.5476 x877', 'Jerald.Skiles@yahoo.com', 'UIcP9trD_v6yb9h', '2023-10-26T12:18:28.923Z', '2024-07-16T04:31:57.851Z');
INSERT INTO users (id, name, phone_number, email, password_hash, created_at, updated_at) VALUES ('3ee3968b-87b1-4ab0-948e-bddcf72a93fd', 'Hallie', '(691) 343-6774 x71281', 'Etha.McClure30@yahoo.com', '1GevUjOYcmGtMlf', '2023-11-28T01:19:42.304Z', '2024-07-15T14:13:51.882Z');
INSERT INTO users (id, name, phone_number, email, password_hash, created_at, updated_at) VALUES ('cc0f9141-636d-4918-82cc-b20b20612f2b', 'Jaleel', '1-496-284-8900', 'Oral.Boehm@hotmail.com', 'UsA8zfTgYcJ59Xv', '2024-02-27T12:12:02.716Z', '2024-07-15T19:23:04.849Z');
INSERT INTO users (id, name, phone_number, email, password_hash, created_at, updated_at) VALUES ('672d1516-37f2-44fc-8c18-08c46f33e0a0', 'Archibald', '398-885-6157 x87249', 'Elenor83@yahoo.com', '1tvpwtqWrzrC5Y0', '2024-05-23T04:48:17.288Z', '2024-07-15T12:25:19.597Z');
INSERT INTO users (id, name, phone_number, email, password_hash, created_at, updated_at) VALUES ('f731d886-a8a1-49d5-99ce-61eacc2616dd', 'Alexie', '223-875-4573 x30716', 'Donald_Stroman96@yahoo.com', '_nVz4WXmaTAeBdR', '2024-02-15T17:49:01.555Z', '2024-07-16T01:05:40.841Z');
INSERT INTO users (id, name, phone_number, email, password_hash, created_at, updated_at) VALUES ('e94e3ebd-0af9-47af-8138-e0111f3c8a54', 'Forrest', '413.832.7843 x4084', 'Peyton_Schuppe7@yahoo.com', 'ZbLxCP0Slv4klaI', '2024-05-28T07:43:31.631Z', '2024-07-16T03:24:56.931Z');
INSERT INTO users (id, name, phone_number, email, password_hash, created_at, updated_at) VALUES ('849a1ecd-f12c-4d6c-b278-dbfe93e65fef', 'Hillary', '(512) 244-3935 x5882', 'Bailey96@yahoo.com', '0L6RprA1DXYMU3S', '2024-01-29T01:11:29.269Z', '2024-07-15T17:56:00.634Z');
INSERT INTO addresses (id, street, city, state, zip_code, user_id, created_at, updated_at) VALUES (1, '40148 Taryn Gateway', 'Halvorsonberg', 'New York', '71393', '64e5464e-b10c-433b-a3f0-a92056784a4a', '2024-05-27T19:11:41.825Z', '2024-07-16T06:07:36.549Z');
INSERT INTO addresses (id, street, city, state, zip_code, user_id, created_at, updated_at) VALUES (2, '3204 Bogisich Alley', 'Rosalindhaven', 'Vermont', '05904', '4debf4cd-d333-42c4-a677-e7e59ad1d404', '2023-12-22T11:52:34.230Z', '2024-07-15T11:39:10.726Z');
INSERT INTO addresses (id, street, city, state, zip_code, user_id, created_at, updated_at) VALUES (3, '36649 Woodside Road', 'Leannonland', 'Indiana', '29750', 'cda55018-38e1-4a1e-963d-fd5590ced3a7', '2024-06-10T21:42:51.582Z', '2024-07-16T09:42:19.655Z');
INSERT INTO addresses (id, street, city, state, zip_code, user_id, created_at, updated_at) VALUES (4, '30478 Koch Hills', 'Pearliefurt', 'South Dakota', '13459-3441', '82f99bdd-a55d-4a29-b38a-10911a35b1c4', '2024-03-09T14:10:01.976Z', '2024-07-15T21:05:29.338Z');
INSERT INTO addresses (id, street, city, state, zip_code, user_id, created_at, updated_at) VALUES (5, '514 Jermain Junction', 'Macitown', 'New Jersey', '00787', '3ee3968b-87b1-4ab0-948e-bddcf72a93fd', '2023-08-27T14:55:35.186Z', '2024-07-15T21:48:04.638Z');
INSERT INTO addresses (id, street, city, state, zip_code, user_id, created_at, updated_at) VALUES (6, '3475 Sophia Loop', 'Zemlakfield', 'South Dakota', '29393-6931', 'cc0f9141-636d-4918-82cc-b20b20612f2b', '2024-06-25T17:13:10.314Z', '2024-07-16T01:13:56.734Z');
INSERT INTO addresses (id, street, city, state, zip_code, user_id, created_at, updated_at) VALUES (7, '2229 Roxanne Parks', 'Willmscester', 'Tennessee', '34599', '672d1516-37f2-44fc-8c18-08c46f33e0a0', '2023-11-15T10:45:30.641Z', '2024-07-15T11:50:15.949Z');
INSERT INTO addresses (id, street, city, state, zip_code, user_id, created_at, updated_at) VALUES (8, '90688 Hyatt Dale', 'Danport', 'Oklahoma', '21491', 'f731d886-a8a1-49d5-99ce-61eacc2616dd', '2023-12-04T10:47:22.768Z', '2024-07-15T15:08:46.654Z');
INSERT INTO addresses (id, street, city, state, zip_code, user_id, created_at, updated_at) VALUES (9, '8998 Westgate', 'Fort Virginiestead', 'Alaska', '95802', 'e94e3ebd-0af9-47af-8138-e0111f3c8a54', '2024-04-26T22:19:29.632Z', '2024-07-15T21:44:42.640Z');
INSERT INTO addresses (id, street, city, state, zip_code, user_id, created_at, updated_at) VALUES (10, '9728 Zieme Turnpike', 'Schinnerland', 'Massachusetts', '05039', '849a1ecd-f12c-4d6c-b278-dbfe93e65fef', '2024-01-01T18:30:55.862Z', '2024-07-16T06:30:07.357Z');
INSERT INTO accounts (id, user_id, type, provider, provider_account_id, refresh_token, access_token, expires_at, token_type, scope, id_token, session_state) VALUES ('82eb3d19-c144-4880-99f2-1e2095083453', '849a1ecd-f12c-4d6c-b278-dbfe93e65fef', 'user', 'Fritsch LLC', '55458afe-19c2-458e-8e8b-971986b4df57', '3LrdRTQO4jQ2pzP', 'Hpy7gmuTj_yqON6', '2024-08-19T06:45:25.209Z', 'LVgqu6e4NvI6aDOzDUK4-', 'rbNrftAeCS', '8lW7DkExB63T3kR', 'GfnQGHoGYT');
INSERT INTO accounts (id, user_id, type, provider, provider_account_id, refresh_token, access_token, expires_at, token_type, scope, id_token, session_state) VALUES ('0af93814-b442-4e1d-9764-6cfcae450d73', '82f99bdd-a55d-4a29-b38a-10911a35b1c4', 'user', 'Fisher, Funk and Howell', '76d5fc63-5b02-4cb8-8952-3f1dcacdf7c1', 'vUI7H8lOBGVQiPf', 'uikca_dVU21Etc2', '2025-05-17T12:59:52.028Z', 'LWTJpmj-78pAunPCygj1V', 'NxYEVZsGKv', 'crOGCzrexrGXLjx', 'uJWHcHBybK');
INSERT INTO accounts (id, user_id, type, provider, provider_account_id, refresh_token, access_token, expires_at, token_type, scope, id_token, session_state) VALUES ('2a0f15c4-ec75-4bab-b0d6-a21a9bae52e6', '672d1516-37f2-44fc-8c18-08c46f33e0a0', 'admin', 'Bradtke - Reinger', '35da1651-9355-462a-a24b-bedc8d5fd147', 'b31E56XBTVtZK41', 'RMwQDWbNFwJuW7f', '2025-07-12T14:28:03.902Z', 'jTv6wpWth4B4W9MKMGQ6F', 'EmDDIkxENU', 'nbrHGQnJxPDMDIs', 'TBeDAoxmik');
INSERT INTO accounts (id, user_id, type, provider, provider_account_id, refresh_token, access_token, expires_at, token_type, scope, id_token, session_state) VALUES ('1f1e5bd7-68c0-4e87-985a-382b6d8ad8f9', '82f99bdd-a55d-4a29-b38a-10911a35b1c4', 'user', 'Hartmann, Abshire and McClure', '15a5cca8-54e8-4472-9ab4-c1bc17f3296c', 'RtS5OIsCWy5O9Ac', '31nsvYAZUBffx9r', '2025-01-21T07:55:25.585Z', 'Z5yhhi_3NNNok7GIJ-Hba', 'oKpSGjvdIH', 'DgX8U5ujZHcUYxE', 'GywaNYVYlE');
INSERT INTO accounts (id, user_id, type, provider, provider_account_id, refresh_token, access_token, expires_at, token_type, scope, id_token, session_state) VALUES ('84c33cb4-05eb-48b4-8b58-00e1320e09cc', '849a1ecd-f12c-4d6c-b278-dbfe93e65fef', 'admin', 'Sporer - Lesch', 'eb9a5a4d-40d0-4ca3-b5bf-07bb8ed16e13', 'oIc76W6r7k2gPLR', 'KXsREvk4xmJedom', '2025-07-12T00:02:00.661Z', 'd4uZQBObu1nn4LUO3DvGp', 'kGftGwOypy', 'A3jV_NozwMN2JVT', 'azTRwjGkMz');
INSERT INTO accounts (id, user_id, type, provider, provider_account_id, refresh_token, access_token, expires_at, token_type, scope, id_token, session_state) VALUES ('a81b6551-842a-41a0-bb3d-68e10fae483d', 'cda55018-38e1-4a1e-963d-fd5590ced3a7', 'user', 'Botsford Group', '1893ab12-fb8c-49d5-b7b8-fca9dd871763', 'YlvAKFJ4BuNuMYq', 'vcufjbu_LvJZqGE', '2025-05-02T11:09:08.867Z', 'vsb1hPGBLrEJ04A7z6OBu', 'dOjrFhIpiT', 'zsCjScmGGlDJ0tV', 'PKjEPbYmUv');
INSERT INTO accounts (id, user_id, type, provider, provider_account_id, refresh_token, access_token, expires_at, token_type, scope, id_token, session_state) VALUES ('5309cf52-6b98-4d2a-ab84-1ed8727f33e8', 'e94e3ebd-0af9-47af-8138-e0111f3c8a54', 'user', 'Muller, Douglas and Greenholt', '7b6789f8-984f-482b-886d-f4f840ac12d3', 'Jos01t5YduSzjUZ', 'o64SrRWRbL029Rf', '2024-12-30T18:18:54.639Z', 'qt5qTJbcJ8iNy3Ugea2Tm', 'JlsHAXCngX', '0EsKHVCzD5PJFtB', 'CelpXZYtXU');
INSERT INTO accounts (id, user_id, type, provider, provider_account_id, refresh_token, access_token, expires_at, token_type, scope, id_token, session_state) VALUES ('b3bfd367-083c-47bd-b739-11998a031adb', '4debf4cd-d333-42c4-a677-e7e59ad1d404', 'admin', 'Schmeler Group', '0a28f177-0d73-48c6-89df-cc66bb619584', 'ghKh6wmWC4D0SGQ', 'r4CWZ1XvsvBxFUR', '2025-06-03T02:05:00.027Z', '6EdIXLQdJM9qJ1LgNR0Fz', 'jnTAElTbCo', '73WWtNCfw4tlpUZ', 'RasiCyDAHg');
INSERT INTO accounts (id, user_id, type, provider, provider_account_id, refresh_token, access_token, expires_at, token_type, scope, id_token, session_state) VALUES ('3ddf4c48-d426-49b9-950e-500143da8252', '672d1516-37f2-44fc-8c18-08c46f33e0a0', 'user', 'Lowe, Lockman and Mayert', '84d7a098-bb74-4476-97f8-69d38d8133d4', 'OQgO2eqBN7SxFQF', '4dBdEPSLu74831O', '2024-12-22T19:45:55.789Z', 'wXeKNYOXIfH6fM7idJz39', 'zJXEJgqKfy', 'nj4tV5Wqbep8E8O', 'bHYLluukqU');
INSERT INTO accounts (id, user_id, type, provider, provider_account_id, refresh_token, access_token, expires_at, token_type, scope, id_token, session_state) VALUES ('09780867-1298-4f43-931c-ddea07f057c6', '64e5464e-b10c-433b-a3f0-a92056784a4a', 'admin', 'Schultz - Harris', '39883086-7148-407a-a193-4d21066689b5', '1nBnvincMd8w5mv', 'nH4WuW2v7FRVqfO', '2024-11-20T15:41:29.345Z', '83Ps1bpUl1pjw0NM6sS3u', 'JhBtwhPpcK', 'I_OrgFEZ9vDTwyd', 'mNWxYgKsJI');
INSERT INTO categories (id, name, description) VALUES (1, 'Sports', 'The beautiful range of Apple Naturalé that has an exciting mix of natural ingredients. With the Goodness of 100% Natural Ingredients');
INSERT INTO categories (id, name, description) VALUES (2, 'Outdoors', 'New ABC 13 9370, 13.3, 5th Gen CoreA5-8250U, 8GB RAM, 256GB SSD, power UHD Graphics, OS 10 Home, OS Office A & J 2016');
INSERT INTO categories (id, name, description) VALUES (3, 'Automotive', 'The Football Is Good For Training And Recreational Purposes');
INSERT INTO categories (id, name, description) VALUES (4, 'Kids', 'The beautiful range of Apple Naturalé that has an exciting mix of natural ingredients. With the Goodness of 100% Natural Ingredients');
INSERT INTO categories (id, name, description) VALUES (5, 'Toys', 'The Apollotech B340 is an affordable wireless mouse with reliable connectivity, 12 months battery life and modern design');
INSERT INTO products (id, name, description, price, stock, category_id, created_at, updated_at) VALUES (1, 'Unbranded Fresh Bacon', 'New range of formal shirts are designed keeping you in mind. With fits and styling that will make you stand apart', '702.00', 38, 1, '2024-01-13T07:07:59.195Z', '2024-07-16T04:35:15.327Z');
INSERT INTO products (id, name, description, price, stock, category_id, created_at, updated_at) VALUES (2, 'Oriental Plastic Bacon', 'Boston''s most advanced compression wear technology increases muscle oxygenation, stabilizes active muscles', '402.00', 81, 1, '2024-02-06T07:11:56.341Z', '2024-07-16T05:16:01.979Z');
INSERT INTO products (id, name, description, price, stock, category_id, created_at, updated_at) VALUES (3, 'Generic Metal Hat', 'The Apollotech B340 is an affordable wireless mouse with reliable connectivity, 12 months battery life and modern design', '858.00', 61, 1, '2024-04-11T18:52:04.154Z', '2024-07-16T06:24:51.392Z');
INSERT INTO products (id, name, description, price, stock, category_id, created_at, updated_at) VALUES (4, 'Generic Plastic Mouse', 'Boston''s most advanced compression wear technology increases muscle oxygenation, stabilizes active muscles', '323.00', 93, 1, '2023-12-18T21:51:40.105Z', '2024-07-16T04:59:50.261Z');
INSERT INTO products (id, name, description, price, stock, category_id, created_at, updated_at) VALUES (5, 'Sleek Granite Computer', 'New range of formal shirts are designed keeping you in mind. With fits and styling that will make you stand apart', '942.00', 81, 1, '2024-05-12T01:45:44.167Z', '2024-07-15T19:51:59.863Z');
INSERT INTO products (id, name, description, price, stock, category_id, created_at, updated_at) VALUES (6, 'Sleek Rubber Fish', 'The automobile layout consists of a front-engine design, with transaxle-type transmissions mounted at the rear of the engine and four wheel drive', '289.00', 47, 1, '2024-05-08T08:05:11.894Z', '2024-07-15T20:16:12.323Z');
INSERT INTO products (id, name, description, price, stock, category_id, created_at, updated_at) VALUES (7, 'Intelligent Wooden Computer', 'Boston''s most advanced compression wear technology increases muscle oxygenation, stabilizes active muscles', '300.00', 21, 1, '2024-04-20T11:34:36.241Z', '2024-07-16T00:25:15.055Z');
INSERT INTO products (id, name, description, price, stock, category_id, created_at, updated_at) VALUES (8, 'Luxurious Rubber Pizza', 'The automobile layout consists of a front-engine design, with transaxle-type transmissions mounted at the rear of the engine and four wheel drive', '351.00', 22, 1, '2023-12-03T09:36:49.366Z', '2024-07-15T12:40:17.607Z');
INSERT INTO products (id, name, description, price, stock, category_id, created_at, updated_at) VALUES (9, 'Recycled Rubber Shirt', 'New ABC 13 9370, 13.3, 5th Gen CoreA5-8250U, 8GB RAM, 256GB SSD, power UHD Graphics, OS 10 Home, OS Office A & J 2016', '640.00', 70, 1, '2024-04-14T13:37:34.329Z', '2024-07-15T11:41:24.539Z');
INSERT INTO products (id, name, description, price, stock, category_id, created_at, updated_at) VALUES (10, 'Luxurious Cotton Mouse', 'Carbonite web goalkeeper gloves are ergonomically designed to give easy fit', '199.00', 89, 1, '2024-05-08T14:31:35.979Z', '2024-07-15T11:21:33.959Z');
INSERT INTO products (id, name, description, price, stock, category_id, created_at, updated_at) VALUES (11, 'Generic Cotton Tuna', 'The slim & simple Maple Gaming Keyboard from Dev Byte comes with a sleek body and 7- Color RGB LED Back-lighting for smart functionality', '135.00', 10, 2, '2024-03-15T05:05:07.779Z', '2024-07-15T21:44:19.971Z');
INSERT INTO products (id, name, description, price, stock, category_id, created_at, updated_at) VALUES (12, 'Refined Metal Pizza', 'The slim & simple Maple Gaming Keyboard from Dev Byte comes with a sleek body and 7- Color RGB LED Back-lighting for smart functionality', '554.00', 48, 2, '2024-06-13T04:26:12.853Z', '2024-07-15T16:21:45.966Z');
INSERT INTO products (id, name, description, price, stock, category_id, created_at, updated_at) VALUES (13, 'Licensed Concrete Hat', 'The Apollotech B340 is an affordable wireless mouse with reliable connectivity, 12 months battery life and modern design', '276.00', 55, 2, '2023-08-24T10:10:37.510Z', '2024-07-16T02:31:56.330Z');
INSERT INTO products (id, name, description, price, stock, category_id, created_at, updated_at) VALUES (14, 'Handmade Frozen Gloves', 'The Nagasaki Lander is the trademarked name of several series of Nagasaki sport bikes, that started with the 1984 ABC800J', '307.00', 14, 2, '2024-05-12T06:51:01.869Z', '2024-07-15T18:28:32.503Z');
INSERT INTO products (id, name, description, price, stock, category_id, created_at, updated_at) VALUES (15, 'Luxurious Metal Gloves', 'Carbonite web goalkeeper gloves are ergonomically designed to give easy fit', '755.00', 58, 2, '2024-05-14T23:19:09.872Z', '2024-07-16T10:38:23.093Z');
INSERT INTO products (id, name, description, price, stock, category_id, created_at, updated_at) VALUES (16, 'Sleek Granite Hat', 'The Football Is Good For Training And Recreational Purposes', '722.00', 58, 2, '2024-01-11T23:15:56.503Z', '2024-07-16T01:16:45.316Z');
INSERT INTO products (id, name, description, price, stock, category_id, created_at, updated_at) VALUES (17, 'Ergonomic Fresh Fish', 'Ergonomic executive chair upholstered in bonded black leather and PVC padded seat and back for all-day comfort and support', '241.00', 90, 2, '2023-12-31T17:57:05.105Z', '2024-07-15T20:38:48.411Z');
INSERT INTO products (id, name, description, price, stock, category_id, created_at, updated_at) VALUES (18, 'Ergonomic Cotton Table', 'The Apollotech B340 is an affordable wireless mouse with reliable connectivity, 12 months battery life and modern design', '319.00', 32, 2, '2024-05-18T17:33:56.281Z', '2024-07-16T08:18:12.959Z');
INSERT INTO products (id, name, description, price, stock, category_id, created_at, updated_at) VALUES (19, 'Practical Bronze Table', 'Carbonite web goalkeeper gloves are ergonomically designed to give easy fit', '97.00', 48, 2, '2023-11-06T01:12:11.299Z', '2024-07-16T09:45:38.766Z');
INSERT INTO products (id, name, description, price, stock, category_id, created_at, updated_at) VALUES (20, 'Generic Steel Salad', 'Carbonite web goalkeeper gloves are ergonomically designed to give easy fit', '576.00', 52, 2, '2023-08-07T16:52:33.386Z', '2024-07-16T08:50:54.199Z');
INSERT INTO products (id, name, description, price, stock, category_id, created_at, updated_at) VALUES (21, 'Incredible Steel Computer', 'New ABC 13 9370, 13.3, 5th Gen CoreA5-8250U, 8GB RAM, 256GB SSD, power UHD Graphics, OS 10 Home, OS Office A & J 2016', '379.00', 89, 3, '2023-08-18T09:29:26.547Z', '2024-07-15T12:10:11.159Z');
INSERT INTO products (id, name, description, price, stock, category_id, created_at, updated_at) VALUES (22, 'Gorgeous Plastic Table', 'The beautiful range of Apple Naturalé that has an exciting mix of natural ingredients. With the Goodness of 100% Natural Ingredients', '231.00', 64, 3, '2024-06-10T17:13:14.742Z', '2024-07-16T06:36:36.709Z');
INSERT INTO products (id, name, description, price, stock, category_id, created_at, updated_at) VALUES (23, 'Refined Granite Sausages', 'The automobile layout consists of a front-engine design, with transaxle-type transmissions mounted at the rear of the engine and four wheel drive', '359.00', 40, 3, '2024-01-26T20:34:00.133Z', '2024-07-16T06:37:56.032Z');
INSERT INTO products (id, name, description, price, stock, category_id, created_at, updated_at) VALUES (24, 'Sleek Cotton Soap', 'Boston''s most advanced compression wear technology increases muscle oxygenation, stabilizes active muscles', '129.00', 93, 3, '2023-12-07T12:51:55.990Z', '2024-07-16T05:40:39.475Z');
INSERT INTO products (id, name, description, price, stock, category_id, created_at, updated_at) VALUES (25, 'Gorgeous Rubber Towels', 'The Apollotech B340 is an affordable wireless mouse with reliable connectivity, 12 months battery life and modern design', '936.00', 19, 3, '2024-06-14T09:41:34.258Z', '2024-07-16T00:37:27.413Z');
INSERT INTO products (id, name, description, price, stock, category_id, created_at, updated_at) VALUES (26, 'Licensed Concrete Keyboard', 'Andy shoes are designed to keeping in mind durability as well as trends, the most stylish range of shoes & sandals', '439.00', 43, 3, '2024-03-20T19:15:06.677Z', '2024-07-16T05:43:58.318Z');
INSERT INTO products (id, name, description, price, stock, category_id, created_at, updated_at) VALUES (27, 'Intelligent Frozen Tuna', 'New ABC 13 9370, 13.3, 5th Gen CoreA5-8250U, 8GB RAM, 256GB SSD, power UHD Graphics, OS 10 Home, OS Office A & J 2016', '428.00', 21, 3, '2024-05-01T02:40:08.309Z', '2024-07-15T15:11:04.239Z');
INSERT INTO products (id, name, description, price, stock, category_id, created_at, updated_at) VALUES (28, 'Electronic Wooden Soap', 'New range of formal shirts are designed keeping you in mind. With fits and styling that will make you stand apart', '982.00', 26, 3, '2023-10-21T22:05:48.114Z', '2024-07-16T04:20:05.858Z');
INSERT INTO products (id, name, description, price, stock, category_id, created_at, updated_at) VALUES (29, 'Rustic Metal Bike', 'New ABC 13 9370, 13.3, 5th Gen CoreA5-8250U, 8GB RAM, 256GB SSD, power UHD Graphics, OS 10 Home, OS Office A & J 2016', '932.00', 36, 3, '2023-10-26T21:55:01.704Z', '2024-07-15T16:14:16.114Z');
INSERT INTO products (id, name, description, price, stock, category_id, created_at, updated_at) VALUES (30, 'Recycled Fresh Tuna', 'Ergonomic executive chair upholstered in bonded black leather and PVC padded seat and back for all-day comfort and support', '361.00', 57, 3, '2023-10-13T13:32:47.632Z', '2024-07-15T20:59:40.240Z');
INSERT INTO products (id, name, description, price, stock, category_id, created_at, updated_at) VALUES (31, 'Modern Steel Chicken', 'The slim & simple Maple Gaming Keyboard from Dev Byte comes with a sleek body and 7- Color RGB LED Back-lighting for smart functionality', '381.00', 32, 4, '2024-03-14T08:27:57.331Z', '2024-07-15T13:09:38.384Z');
INSERT INTO products (id, name, description, price, stock, category_id, created_at, updated_at) VALUES (32, 'Gorgeous Cotton Mouse', 'The slim & simple Maple Gaming Keyboard from Dev Byte comes with a sleek body and 7- Color RGB LED Back-lighting for smart functionality', '529.00', 89, 4, '2024-01-02T06:46:55.606Z', '2024-07-16T08:26:34.869Z');
INSERT INTO products (id, name, description, price, stock, category_id, created_at, updated_at) VALUES (33, 'Bespoke Fresh Ball', 'Ergonomic executive chair upholstered in bonded black leather and PVC padded seat and back for all-day comfort and support', '101.00', 44, 4, '2024-04-09T10:00:26.442Z', '2024-07-16T02:41:07.033Z');
INSERT INTO products (id, name, description, price, stock, category_id, created_at, updated_at) VALUES (34, 'Incredible Plastic Shirt', 'New range of formal shirts are designed keeping you in mind. With fits and styling that will make you stand apart', '92.00', 95, 4, '2024-03-18T23:22:50.351Z', '2024-07-16T00:40:10.610Z');
INSERT INTO products (id, name, description, price, stock, category_id, created_at, updated_at) VALUES (35, 'Licensed Rubber Towels', 'New ABC 13 9370, 13.3, 5th Gen CoreA5-8250U, 8GB RAM, 256GB SSD, power UHD Graphics, OS 10 Home, OS Office A & J 2016', '923.00', 72, 4, '2024-06-01T01:39:58.545Z', '2024-07-16T06:48:53.301Z');
INSERT INTO products (id, name, description, price, stock, category_id, created_at, updated_at) VALUES (36, 'Fantastic Rubber Shirt', 'Boston''s most advanced compression wear technology increases muscle oxygenation, stabilizes active muscles', '850.00', 96, 4, '2024-02-05T10:09:25.679Z', '2024-07-15T15:25:00.436Z');
INSERT INTO products (id, name, description, price, stock, category_id, created_at, updated_at) VALUES (37, 'Generic Steel Cheese', 'The Nagasaki Lander is the trademarked name of several series of Nagasaki sport bikes, that started with the 1984 ABC800J', '581.00', 27, 4, '2023-11-24T21:13:30.850Z', '2024-07-15T21:54:51.356Z');
INSERT INTO products (id, name, description, price, stock, category_id, created_at, updated_at) VALUES (38, 'Recycled Steel Chips', 'The automobile layout consists of a front-engine design, with transaxle-type transmissions mounted at the rear of the engine and four wheel drive', '599.00', 75, 4, '2024-05-27T11:45:25.446Z', '2024-07-16T04:09:24.936Z');
INSERT INTO products (id, name, description, price, stock, category_id, created_at, updated_at) VALUES (39, 'Luxurious Wooden Gloves', 'Carbonite web goalkeeper gloves are ergonomically designed to give easy fit', '537.00', 92, 4, '2024-05-04T00:50:49.769Z', '2024-07-16T05:59:22.195Z');
INSERT INTO products (id, name, description, price, stock, category_id, created_at, updated_at) VALUES (40, 'Awesome Fresh Salad', 'The Nagasaki Lander is the trademarked name of several series of Nagasaki sport bikes, that started with the 1984 ABC800J', '570.00', 87, 4, '2024-02-12T04:06:43.681Z', '2024-07-15T20:03:13.272Z');
INSERT INTO products (id, name, description, price, stock, category_id, created_at, updated_at) VALUES (41, 'Awesome Wooden Pizza', 'The Nagasaki Lander is the trademarked name of several series of Nagasaki sport bikes, that started with the 1984 ABC800J', '427.00', 66, 5, '2023-07-22T21:32:12.913Z', '2024-07-16T07:10:32.836Z');
INSERT INTO products (id, name, description, price, stock, category_id, created_at, updated_at) VALUES (42, 'Awesome Fresh Chips', 'Ergonomic executive chair upholstered in bonded black leather and PVC padded seat and back for all-day comfort and support', '572.00', 58, 5, '2024-06-23T03:23:27.643Z', '2024-07-15T12:30:47.580Z');
INSERT INTO products (id, name, description, price, stock, category_id, created_at, updated_at) VALUES (43, 'Generic Rubber Gloves', 'Andy shoes are designed to keeping in mind durability as well as trends, the most stylish range of shoes & sandals', '769.00', 54, 5, '2024-06-23T06:23:07.647Z', '2024-07-16T09:14:18.568Z');
INSERT INTO products (id, name, description, price, stock, category_id, created_at, updated_at) VALUES (44, 'Practical Rubber Chicken', 'New range of formal shirts are designed keeping you in mind. With fits and styling that will make you stand apart', '686.00', 2, 5, '2024-05-15T03:36:41.720Z', '2024-07-15T20:59:47.176Z');
INSERT INTO products (id, name, description, price, stock, category_id, created_at, updated_at) VALUES (45, 'Refined Bronze Mouse', 'The Nagasaki Lander is the trademarked name of several series of Nagasaki sport bikes, that started with the 1984 ABC800J', '140.00', 31, 5, '2024-02-04T13:09:38.806Z', '2024-07-15T23:55:50.117Z');
INSERT INTO products (id, name, description, price, stock, category_id, created_at, updated_at) VALUES (46, 'Elegant Plastic Computer', 'New range of formal shirts are designed keeping you in mind. With fits and styling that will make you stand apart', '257.00', 68, 5, '2024-06-03T09:17:10.674Z', '2024-07-16T11:08:21.463Z');
INSERT INTO products (id, name, description, price, stock, category_id, created_at, updated_at) VALUES (47, 'Luxurious Frozen Ball', 'The slim & simple Maple Gaming Keyboard from Dev Byte comes with a sleek body and 7- Color RGB LED Back-lighting for smart functionality', '373.00', 52, 5, '2024-05-29T13:43:50.894Z', '2024-07-15T18:06:20.406Z');
INSERT INTO products (id, name, description, price, stock, category_id, created_at, updated_at) VALUES (48, 'Awesome Plastic Pizza', 'Boston''s most advanced compression wear technology increases muscle oxygenation, stabilizes active muscles', '617.00', 14, 5, '2023-12-19T05:51:14.990Z', '2024-07-15T13:15:46.138Z');
INSERT INTO products (id, name, description, price, stock, category_id, created_at, updated_at) VALUES (49, 'Tasty Soft Chips', 'Ergonomic executive chair upholstered in bonded black leather and PVC padded seat and back for all-day comfort and support', '125.00', 22, 5, '2023-11-17T10:08:41.777Z', '2024-07-15T14:10:45.506Z');
INSERT INTO products (id, name, description, price, stock, category_id, created_at, updated_at) VALUES (50, 'Handmade Granite Towels', 'The Nagasaki Lander is the trademarked name of several series of Nagasaki sport bikes, that started with the 1984 ABC800J', '179.00', 83, 5, '2024-01-28T21:38:57.638Z', '2024-07-15T21:56:51.019Z');
INSERT INTO orders (id, user_id, status, total, created_at, updated_at) VALUES ('b5da7618-5524-43ae-89e5-cacb9bc79a03', '4debf4cd-d333-42c4-a677-e7e59ad1d404', 'customer_canceled', 3113, '2024-05-28T23:27:06.472Z', '2024-07-16T07:39:01.877Z');
INSERT INTO orders (id, user_id, status, total, created_at, updated_at) VALUES ('a52bad68-ffe6-4981-857f-b6d0d582a162', 'cc0f9141-636d-4918-82cc-b20b20612f2b', 'customer_canceled', 8590, '2024-01-22T20:47:08.556Z', '2024-07-16T02:03:42.155Z');
INSERT INTO orders (id, user_id, status, total, created_at, updated_at) VALUES ('b96ee2da-b7fa-42c9-af9d-943778153b56', '64e5464e-b10c-433b-a3f0-a92056784a4a', 'paid', 4714, '2024-04-13T18:17:35.069Z', '2024-07-16T10:04:37.271Z');
INSERT INTO orders (id, user_id, status, total, created_at, updated_at) VALUES ('914874a2-dd94-4a3d-be69-5635654415bd', 'cc0f9141-636d-4918-82cc-b20b20612f2b', 'customer_canceled', 4679, '2024-04-02T10:47:23.327Z', '2024-07-15T14:58:48.059Z');
INSERT INTO orders (id, user_id, status, total, created_at, updated_at) VALUES ('aeda8707-dd67-4d90-a598-6f01a6b17c83', 'f731d886-a8a1-49d5-99ce-61eacc2616dd', 'done', 3368, '2024-02-07T00:28:01.920Z', '2024-07-15T15:04:20.811Z');
INSERT INTO orders (id, user_id, status, total, created_at, updated_at) VALUES ('8919b6c2-81bf-4c1d-82fc-f18742ae0f8a', '3ee3968b-87b1-4ab0-948e-bddcf72a93fd', 'customer_canceled', 7426, '2024-06-04T03:58:49.927Z', '2024-07-15T12:59:30.587Z');
INSERT INTO orders (id, user_id, status, total, created_at, updated_at) VALUES ('85e3ca84-86de-48e2-9e92-952bfc6e43c2', '849a1ecd-f12c-4d6c-b278-dbfe93e65fef', 'pending', 9742, '2024-05-22T20:47:26.514Z', '2024-07-16T01:03:45.972Z');
INSERT INTO orders (id, user_id, status, total, created_at, updated_at) VALUES ('f1fab28f-b87c-4c14-8063-98c9f9666078', '672d1516-37f2-44fc-8c18-08c46f33e0a0', 'customer_canceled', 1467, '2023-10-03T20:39:09.350Z', '2024-07-15T20:42:39.803Z');
INSERT INTO orders (id, user_id, status, total, created_at, updated_at) VALUES ('4ef780b9-67c6-4f53-a1b4-cbeb76bc07d6', '4debf4cd-d333-42c4-a677-e7e59ad1d404', 'customer_canceled', 1805, '2023-10-21T12:27:59.502Z', '2024-07-15T22:31:24.688Z');
INSERT INTO orders (id, user_id, status, total, created_at, updated_at) VALUES ('ac9380e8-f738-4633-991f-4a8e057d1102', '64e5464e-b10c-433b-a3f0-a92056784a4a', 'paid', 5777, '2024-07-10T02:26:34.093Z', '2024-07-15T20:44:45.785Z');
INSERT INTO orderItems (id, order_id, product_id, quantity, price) VALUES (1, 'b5da7618-5524-43ae-89e5-cacb9bc79a03', 14, 5, 1535);
INSERT INTO orderItems (id, order_id, product_id, quantity, price) VALUES (2, 'b5da7618-5524-43ae-89e5-cacb9bc79a03', 17, 4, 964);
INSERT INTO orderItems (id, order_id, product_id, quantity, price) VALUES (3, 'b5da7618-5524-43ae-89e5-cacb9bc79a03', 14, 2, 614);
INSERT INTO orderItems (id, order_id, product_id, quantity, price) VALUES (4, 'a52bad68-ffe6-4981-857f-b6d0d582a162', 34, 3, 276);
INSERT INTO orderItems (id, order_id, product_id, quantity, price) VALUES (5, 'a52bad68-ffe6-4981-857f-b6d0d582a162', 31, 5, 1905);
INSERT INTO orderItems (id, order_id, product_id, quantity, price) VALUES (6, 'a52bad68-ffe6-4981-857f-b6d0d582a162', 23, 4, 1436);
INSERT INTO orderItems (id, order_id, product_id, quantity, price) VALUES (7, 'a52bad68-ffe6-4981-857f-b6d0d582a162', 35, 5, 4615);
INSERT INTO orderItems (id, order_id, product_id, quantity, price) VALUES (8, 'a52bad68-ffe6-4981-857f-b6d0d582a162', 50, 2, 358);
INSERT INTO orderItems (id, order_id, product_id, quantity, price) VALUES (9, 'b96ee2da-b7fa-42c9-af9d-943778153b56', 44, 2, 1372);
INSERT INTO orderItems (id, order_id, product_id, quantity, price) VALUES (10, 'b96ee2da-b7fa-42c9-af9d-943778153b56', 44, 3, 2058);
INSERT INTO orderItems (id, order_id, product_id, quantity, price) VALUES (11, 'b96ee2da-b7fa-42c9-af9d-943778153b56', 27, 3, 1284);
INSERT INTO orderItems (id, order_id, product_id, quantity, price) VALUES (12, '914874a2-dd94-4a3d-be69-5635654415bd', 32, 1, 529);
INSERT INTO orderItems (id, order_id, product_id, quantity, price) VALUES (13, '914874a2-dd94-4a3d-be69-5635654415bd', 39, 2, 1074);
INSERT INTO orderItems (id, order_id, product_id, quantity, price) VALUES (14, '914874a2-dd94-4a3d-be69-5635654415bd', 8, 3, 1053);
INSERT INTO orderItems (id, order_id, product_id, quantity, price) VALUES (15, '914874a2-dd94-4a3d-be69-5635654415bd', 12, 3, 1662);
INSERT INTO orderItems (id, order_id, product_id, quantity, price) VALUES (16, '914874a2-dd94-4a3d-be69-5635654415bd', 30, 1, 361);
INSERT INTO orderItems (id, order_id, product_id, quantity, price) VALUES (17, 'aeda8707-dd67-4d90-a598-6f01a6b17c83', 32, 5, 2645);
INSERT INTO orderItems (id, order_id, product_id, quantity, price) VALUES (18, 'aeda8707-dd67-4d90-a598-6f01a6b17c83', 17, 3, 723);
INSERT INTO orderItems (id, order_id, product_id, quantity, price) VALUES (19, '8919b6c2-81bf-4c1d-82fc-f18742ae0f8a', 16, 4, 2888);
INSERT INTO orderItems (id, order_id, product_id, quantity, price) VALUES (20, '8919b6c2-81bf-4c1d-82fc-f18742ae0f8a', 31, 5, 1905);
INSERT INTO orderItems (id, order_id, product_id, quantity, price) VALUES (21, '8919b6c2-81bf-4c1d-82fc-f18742ae0f8a', 40, 3, 1710);
INSERT INTO orderItems (id, order_id, product_id, quantity, price) VALUES (22, '8919b6c2-81bf-4c1d-82fc-f18742ae0f8a', 35, 1, 923);
INSERT INTO orderItems (id, order_id, product_id, quantity, price) VALUES (23, '85e3ca84-86de-48e2-9e92-952bfc6e43c2', 27, 4, 1712);
INSERT INTO orderItems (id, order_id, product_id, quantity, price) VALUES (24, '85e3ca84-86de-48e2-9e92-952bfc6e43c2', 7, 6, 1800);
INSERT INTO orderItems (id, order_id, product_id, quantity, price) VALUES (25, '85e3ca84-86de-48e2-9e92-952bfc6e43c2', 6, 2, 578);
INSERT INTO orderItems (id, order_id, product_id, quantity, price) VALUES (26, '85e3ca84-86de-48e2-9e92-952bfc6e43c2', 5, 6, 5652);
INSERT INTO orderItems (id, order_id, product_id, quantity, price) VALUES (27, 'f1fab28f-b87c-4c14-8063-98c9f9666078', 24, 6, 774);
INSERT INTO orderItems (id, order_id, product_id, quantity, price) VALUES (28, 'f1fab28f-b87c-4c14-8063-98c9f9666078', 22, 3, 693);
INSERT INTO orderItems (id, order_id, product_id, quantity, price) VALUES (29, '4ef780b9-67c6-4f53-a1b4-cbeb76bc07d6', 38, 1, 599);
INSERT INTO orderItems (id, order_id, product_id, quantity, price) VALUES (30, '4ef780b9-67c6-4f53-a1b4-cbeb76bc07d6', 2, 3, 1206);
INSERT INTO orderItems (id, order_id, product_id, quantity, price) VALUES (31, 'ac9380e8-f738-4633-991f-4a8e057d1102', 24, 3, 387);
INSERT INTO orderItems (id, order_id, product_id, quantity, price) VALUES (32, 'ac9380e8-f738-4633-991f-4a8e057d1102', 36, 5, 4250);
INSERT INTO orderItems (id, order_id, product_id, quantity, price) VALUES (33, 'ac9380e8-f738-4633-991f-4a8e057d1102', 40, 2, 1140);
INSERT INTO carts (id, user_id, created_at, updated_at) VALUES ('e6dca901-2d8f-49c9-a812-214f4da9d416', '82f99bdd-a55d-4a29-b38a-10911a35b1c4', '2023-09-04T05:23:03.879Z', '2024-07-15T17:12:04.140Z');
INSERT INTO carts (id, user_id, created_at, updated_at) VALUES ('569e7263-779d-4010-84bd-402bfc87ed71', '82f99bdd-a55d-4a29-b38a-10911a35b1c4', '2024-02-26T01:15:34.213Z', '2024-07-16T02:28:39.379Z');
INSERT INTO carts (id, user_id, created_at, updated_at) VALUES ('ed0091a7-310d-4a1b-b275-361738ac55d2', '82f99bdd-a55d-4a29-b38a-10911a35b1c4', '2023-07-25T22:33:53.753Z', '2024-07-16T07:36:52.217Z');
INSERT INTO carts (id, user_id, created_at, updated_at) VALUES ('504192fe-3434-479f-b4a9-8256d3e3a970', '4debf4cd-d333-42c4-a677-e7e59ad1d404', '2024-06-15T08:47:53.503Z', '2024-07-16T08:01:40.884Z');
INSERT INTO carts (id, user_id, created_at, updated_at) VALUES ('24e542cd-5604-4a1d-aae6-4189a6b41643', '82f99bdd-a55d-4a29-b38a-10911a35b1c4', '2023-09-27T13:21:25.343Z', '2024-07-16T06:34:31.033Z');
INSERT INTO cartItems (id, cart_id, product_id, quantity, added_at) VALUES (1, 'e6dca901-2d8f-49c9-a812-214f4da9d416', 30, 1, '2024-07-15T16:49:41.063Z');
INSERT INTO cartItems (id, cart_id, product_id, quantity, added_at) VALUES (2, 'e6dca901-2d8f-49c9-a812-214f4da9d416', 12, 2, '2024-07-15T18:02:48.637Z');
INSERT INTO cartItems (id, cart_id, product_id, quantity, added_at) VALUES (3, 'e6dca901-2d8f-49c9-a812-214f4da9d416', 42, 9, '2024-07-16T04:25:20.942Z');
INSERT INTO cartItems (id, cart_id, product_id, quantity, added_at) VALUES (4, 'e6dca901-2d8f-49c9-a812-214f4da9d416', 49, 7, '2024-07-16T07:53:02.357Z');
INSERT INTO cartItems (id, cart_id, product_id, quantity, added_at) VALUES (5, 'e6dca901-2d8f-49c9-a812-214f4da9d416', 27, 2, '2024-07-16T09:09:39.641Z');
INSERT INTO cartItems (id, cart_id, product_id, quantity, added_at) VALUES (6, '569e7263-779d-4010-84bd-402bfc87ed71', 22, 10, '2024-07-16T05:40:08.196Z');
INSERT INTO cartItems (id, cart_id, product_id, quantity, added_at) VALUES (7, '569e7263-779d-4010-84bd-402bfc87ed71', 33, 10, '2024-07-16T07:50:07.124Z');
INSERT INTO cartItems (id, cart_id, product_id, quantity, added_at) VALUES (8, '569e7263-779d-4010-84bd-402bfc87ed71', 8, 8, '2024-07-15T18:31:14.188Z');
INSERT INTO cartItems (id, cart_id, product_id, quantity, added_at) VALUES (9, '569e7263-779d-4010-84bd-402bfc87ed71', 50, 2, '2024-07-16T02:02:59.953Z');
INSERT INTO cartItems (id, cart_id, product_id, quantity, added_at) VALUES (10, '569e7263-779d-4010-84bd-402bfc87ed71', 11, 6, '2024-07-15T23:48:55.436Z');
INSERT INTO cartItems (id, cart_id, product_id, quantity, added_at) VALUES (11, 'ed0091a7-310d-4a1b-b275-361738ac55d2', 12, 3, '2024-07-15T15:41:53.785Z');
INSERT INTO cartItems (id, cart_id, product_id, quantity, added_at) VALUES (12, 'ed0091a7-310d-4a1b-b275-361738ac55d2', 22, 10, '2024-07-15T23:27:34.066Z');
INSERT INTO cartItems (id, cart_id, product_id, quantity, added_at) VALUES (13, 'ed0091a7-310d-4a1b-b275-361738ac55d2', 1, 8, '2024-07-16T04:45:30.136Z');
INSERT INTO cartItems (id, cart_id, product_id, quantity, added_at) VALUES (14, 'ed0091a7-310d-4a1b-b275-361738ac55d2', 49, 2, '2024-07-15T14:30:30.640Z');
INSERT INTO cartItems (id, cart_id, product_id, quantity, added_at) VALUES (15, 'ed0091a7-310d-4a1b-b275-361738ac55d2', 40, 4, '2024-07-15T15:18:57.322Z');
INSERT INTO cartItems (id, cart_id, product_id, quantity, added_at) VALUES (16, '504192fe-3434-479f-b4a9-8256d3e3a970', 26, 6, '2024-07-15T18:14:41.828Z');
INSERT INTO cartItems (id, cart_id, product_id, quantity, added_at) VALUES (17, '504192fe-3434-479f-b4a9-8256d3e3a970', 41, 1, '2024-07-16T09:10:51.762Z');
INSERT INTO cartItems (id, cart_id, product_id, quantity, added_at) VALUES (18, '504192fe-3434-479f-b4a9-8256d3e3a970', 37, 8, '2024-07-15T18:52:22.711Z');
INSERT INTO cartItems (id, cart_id, product_id, quantity, added_at) VALUES (19, '504192fe-3434-479f-b4a9-8256d3e3a970', 8, 5, '2024-07-16T04:37:21.504Z');
INSERT INTO cartItems (id, cart_id, product_id, quantity, added_at) VALUES (20, '504192fe-3434-479f-b4a9-8256d3e3a970', 50, 7, '2024-07-15T22:47:40.342Z');
INSERT INTO cartItems (id, cart_id, product_id, quantity, added_at) VALUES (21, '24e542cd-5604-4a1d-aae6-4189a6b41643', 29, 8, '2024-07-16T07:09:36.865Z');
INSERT INTO cartItems (id, cart_id, product_id, quantity, added_at) VALUES (22, '24e542cd-5604-4a1d-aae6-4189a6b41643', 8, 5, '2024-07-16T10:42:05.111Z');
INSERT INTO cartItems (id, cart_id, product_id, quantity, added_at) VALUES (23, '24e542cd-5604-4a1d-aae6-4189a6b41643', 14, 5, '2024-07-16T04:28:45.360Z');
INSERT INTO cartItems (id, cart_id, product_id, quantity, added_at) VALUES (24, '24e542cd-5604-4a1d-aae6-4189a6b41643', 3, 5, '2024-07-16T04:34:27.130Z');
INSERT INTO cartItems (id, cart_id, product_id, quantity, added_at) VALUES (25, '24e542cd-5604-4a1d-aae6-4189a6b41643', 13, 10, '2024-07-16T04:19:01.911Z');